id,estacion_salida,estacion_llegada,tipo_pmr,hora
1,GAM,JAR,INVIDENTE,17:52
2,GAM,JAR,PMR_SILLA,00:14
3,ATO,MAU,PMR_SILLA,19:11
4,JAR,MAU,PMR_RAMPA,23:20
5,ATO,JAR,PMR,20:21
6,MIG,GAM,PMR_SILLA,22:35
7,MIG,MAU,PMR_SILLA,21:45
8,VMA,SMA,PMR_RAMPA,00:20
9,SCA,ATO,INVIDENTE,16:43
10,SCA,SCA,PMR,22:41
11,JAR,JAR,PMR_RAMPA,16:46
12,JAR,VMA,PMR,22:34
13,MAU,SMA,PMR_SILLA,16:45
14,VMA,ATO,INVIDENTE,22:13
15,VMA,VMA,PMR_RAMPA,17:11
16,VMA,GAM,PMR_RAMPA,18:34
17,SMA,SCA,PMR,17:33
18,JAR,SMA,PMR_RAMPA,17:41
19,SMA,VMA,PMR_RAMPA,19:31
20,MAU,SMA,PMR_RAMPA,00:10
21,SMA,MIG,PMR_RAMPA,23:28
22,SMA,VMA,INVIDENTE,18:15
23,SMA,SCA,PMR_SILLA,17:49
24,GAM,MAU,PMR,16:39
25,VMA,SMA,INVIDENTE,19:25
26,VMA,SMA,PMR_RAMPA,22:45
27,GAM,MAU,PMR_RAMPA,20:34
28,GAM,ATO,PMR_RAMPA,17:03
29,MIG,VMA,INVIDENTE,21:34
30,SCA,SMA,PMR,21:38
31,JAR,GAM,PMR_RAMPA,23:18
32,SCA,VMA,PMR_SILLA,21:15
33,VMA,GAM,PMR_SILLA,00:14
34,VMA,MAU,PMR_SILLA,17:57
35,SCA,ATO,PMR_RAMPA,22:27
36,MAU,GAM,PMR_SILLA,17:45
37,MAU,ATO,PMR_RAMPA,21:03
38,SMA,ATO,INVIDENTE,20:56
39,SMA,ATO,PMR,18:38
40,MAU,MIG,INVIDENTE,00:03
41,VMA,GAM,PMR,23:40
42,ATO,SCA,PMR_RAMPA,21:22
43,SMA,GAM,PMR_SILLA,19:47
44,SMA,ATO,PMR_SILLA,22:13
45,JAR,SCA,PMR_SILLA,22:02
46,SMA,MAU,PMR,22:11
47,MIG,SCA,PMR_SILLA,19:12
48,SCA,MAU,INVIDENTE,00:45
49,SMA,VMA,INVIDENTE,23:22
50,MIG,MAU,PMR_RAMPA,17:35
51,SCA,MAU,PMR_SILLA,21:57
52,JAR,MAU,INVIDENTE,17:07
53,JAR,MAU,PMR_SILLA,19:07
54,SCA,ATO,INVIDENTE,17:59
55,SCA,MAU,PMR,18:09
56,ATO,SMA,INVIDENTE,21:22
57,MIG,GAM,PMR,17:48
58,JAR,JAR,PMR,19:14
59,GAM,SMA,PMR_RAMPA,22:40
60,ATO,VMA,PMR,00:24
61,JAR,JAR,INVIDENTE,16:40
62,SCA,SCA,PMR_SILLA,23:06
63,MAU,SCA,PMR_SILLA,19:41
64,SCA,SCA,INVIDENTE,22:05
65,JAR,SCA,PMR,19:45
66,SMA,VMA,PMR,18:05
67,SCA,MAU,INVIDENTE,19:13
68,JAR,SMA,PMR,20:56
69,ATO,VMA,PMR_SILLA,16:44
70,SMA,VMA,PMR,23:17
71,MAU,SMA,PMR_RAMPA,19:58
72,VMA,MAU,PMR_SILLA,16:49
73,VMA,GAM,INVIDENTE,16:57
74,JAR,SCA,PMR_SILLA,18:12
75,MIG,ATO,INVIDENTE,18:05
76,SMA,ATO,INVIDENTE,17:18
77,MIG,MIG,INVIDENTE,21:38
78,SCA,GAM,PMR_SILLA,22:31
79,ATO,JAR,PMR_SILLA,21:35
80,MIG,VMA,PMR_SILLA,00:47
81,MAU,ATO,INVIDENTE,22:24
82,VMA,GAM,INVIDENTE,16:59
83,SCA,JAR,PMR_SILLA,23:43
84,GAM,MIG,INVIDENTE,22:05
85,SMA,VMA,PMR,23:05
86,MIG,VMA,PMR_SILLA,21:16
87,SMA,GAM,PMR_SILLA,18:17
88,SCA,SMA,PMR,18:33
89,ATO,ATO,PMR,00:23
90,SMA,GAM,PMR_RAMPA,22:41
91,MAU,SCA,PMR,22:35
92,JAR,SCA,PMR_RAMPA,23:15
93,VMA,SMA,PMR_RAMPA,17:13
94,VMA,SCA,INVIDENTE,23:23
95,ATO,MIG,PMR_SILLA,21:01
96,VMA,MAU,PMR_SILLA,23:20
97,JAR,VMA,PMR_RAMPA,21:05
98,GAM,GAM,PMR_RAMPA,16:53
99,SMA,MIG,PMR_RAMPA,23:58
100,JAR,ATO,PMR_SILLA,00:47
101,GAM,MIG,INVIDENTE,23:00
102,JAR,MIG,PMR_RAMPA,17:26
103,SMA,GAM,PMR,00:06
104,MIG,MAU,INVIDENTE,23:32
105,MAU,ATO,INVIDENTE,22:58
106,SCA,SCA,PMR,17:35
107,GAM,MIG,PMR_RAMPA,17:08
108,SMA,SMA,PMR_RAMPA,21:29
109,SMA,MIG,PMR_SILLA,20:58
110,VMA,SCA,INVIDENTE,19:29
111,JAR,GAM,INVIDENTE,17:28
112,MAU,MIG,PMR,23:17
113,JAR,GAM,INVIDENTE,17:27
114,GAM,JAR,PMR_SILLA,19:39
115,ATO,SMA,PMR_SILLA,00:37
116,VMA,MIG,PMR_SILLA,21:56
117,MAU,ATO,INVIDENTE,16:28
118,VMA,SMA,PMR,23:58
119,SCA,SCA,INVIDENTE,19:23
120,ATO,MAU,PMR,17:42
121,ATO,SCA,PMR,00:41
122,SMA,JAR,PMR_RAMPA,23:12
123,SCA,ATO,PMR,23:47
124,JAR,VMA,PMR_RAMPA,18:59
125,MIG,SCA,INVIDENTE,17:26
126,GAM,ATO,INVIDENTE,18:53
127,SCA,MAU,PMR_SILLA,19:18
128,ATO,SCA,PMR_SILLA,18:45
129,SMA,ATO,PMR,20:13
130,VMA,MIG,PMR,20:01
131,GAM,SCA,PMR_SILLA,21:32
132,JAR,GAM,PMR,19:14
133,SCA,VMA,PMR_RAMPA,21:01
134,GAM,SCA,PMR,18:16
135,VMA,VMA,PMR,21:04
136,ATO,ATO,PMR_RAMPA,20:28
137,SCA,GAM,INVIDENTE,23:10
138,VMA,SMA,INVIDENTE,00:17
139,SCA,GAM,PMR,00:09
140,JAR,MIG,PMR,22:31
141,ATO,SMA,PMR_RAMPA,22:22
142,SCA,SMA,INVIDENTE,16:49
143,MIG,JAR,PMR_SILLA,16:54
144,VMA,GAM,PMR_SILLA,00:35
145,VMA,MAU,PMR,22:34
146,JAR,MIG,INVIDENTE,18:11
147,VMA,JAR,PMR_RAMPA,23:41
148,SMA,JAR,INVIDENTE,16:47
149,ATO,VMA,PMR_RAMPA,22:12
150,SCA,JAR,PMR_SILLA,19:45
151,SCA,MAU,PMR,19:22
152,ATO,GAM,PMR_SILLA,18:53
153,SCA,MIG,PMR_RAMPA,22:25
154,SMA,VMA,PMR_SILLA,23:33
155,VMA,MAU,INVIDENTE,22:58
156,ATO,SMA,PMR,00:32
157,VMA,SMA,INVIDENTE,22:11
158,MIG,VMA,INVIDENTE,20:47
159,MIG,GAM,PMR_SILLA,16:50
160,GAM,MAU,PMR_RAMPA,17:53
161,MIG,SMA,PMR,18:48
162,VMA,JAR,PMR_SILLA,18:58
163,ATO,GAM,INVIDENTE,00:29
164,VMA,ATO,PMR_SILLA,21:40
165,GAM,SMA,INVIDENTE,19:27
166,VMA,MAU,PMR,00:32
167,SMA,JAR,INVIDENTE,20:28
168,SCA,SMA,PMR_RAMPA,00:38
169,SMA,VMA,PMR_RAMPA,17:00
170,MAU,MAU,PMR_SILLA,22:00
171,JAR,SCA,INVIDENTE,21:29
172,SCA,MIG,PMR_SILLA,17:37
173,MIG,ATO,PMR_SILLA,22:42
174,MAU,SMA,PMR_RAMPA,17:11
175,VMA,GAM,INVIDENTE,20:03
176,JAR,JAR,INVIDENTE,19:14
177,SMA,GAM,PMR_SILLA,23:24
178,JAR,ATO,INVIDENTE,17:47
179,JAR,ATO,INVIDENTE,23:47
180,SMA,GAM,PMR,17:19
181,MAU,VMA,PMR_SILLA,20:09
182,MAU,MIG,PMR_RAMPA,23:57
183,JAR,JAR,PMR_SILLA,00:43
184,GAM,VMA,PMR_SILLA,00:00
185,VMA,ATO,PMR,23:55
186,SCA,VMA,INVIDENTE,20:17
187,SCA,MAU,INVIDENTE,21:16
188,MAU,VMA,INVIDENTE,23:37
189,JAR,MAU,PMR,00:43
190,VMA,SMA,PMR_SILLA,16:39
191,SMA,ATO,PMR,23:15
192,MAU,MAU,PMR_SILLA,19:10
193,JAR,VMA,PMR_RAMPA,23:17
194,ATO,MIG,PMR_RAMPA,17:14
195,ATO,MIG,INVIDENTE,19:46
196,ATO,GAM,PMR,23:10
197,SMA,JAR,INVIDENTE,22:44
198,VMA,MAU,PMR_RAMPA,23:23
199,JAR,SCA,PMR_SILLA,19:04
200,MAU,MIG,PMR_RAMPA,00:40
201,SMA,SCA,PMR_SILLA,17:15
202,VMA,JAR,PMR,19:16
203,SMA,GAM,PMR_SILLA,00:15
204,JAR,GAM,PMR_RAMPA,16:30
205,MAU,JAR,PMR_RAMPA,00:14
206,JAR,MAU,PMR_SILLA,22:09
207,JAR,MIG,PMR,22:35
208,SCA,SCA,INVIDENTE,21:58
209,GAM,ATO,PMR_RAMPA,20:31
210,MIG,MAU,PMR,18:29
211,GAM,SCA,INVIDENTE,18:36
212,MAU,GAM,PMR,20:54
213,GAM,SMA,INVIDENTE,17:39
214,SCA,ATO,PMR,21:01
215,SMA,MIG,PMR_RAMPA,21:17
216,MAU,SMA,PMR,21:58
217,SMA,GAM,PMR,16:53
218,ATO,GAM,INVIDENTE,18:08
219,ATO,VMA,PMR,18:11
220,MAU,MIG,INVIDENTE,20:52
221,JAR,VMA,INVIDENTE,20:39
222,ATO,GAM,PMR,21:19
223,VMA,SCA,INVIDENTE,18:57
224,ATO,MIG,PMR_SILLA,19:39
225,VMA,JAR,PMR_SILLA,19:04
226,ATO,MAU,INVIDENTE,18:53
227,MAU,MIG,PMR_RAMPA,22:35
228,VMA,GAM,INVIDENTE,23:03
229,SCA,SMA,PMR_RAMPA,21:30
230,MAU,MIG,PMR,18:09
231,VMA,GAM,INVIDENTE,16:51
232,ATO,MIG,PMR_SILLA,00:37
233,JAR,GAM,PMR_SILLA,22:08
234,SCA,SMA,PMR_SILLA,23:31
235,SCA,SMA,PMR,19:24
236,SCA,JAR,PMR_SILLA,23:13
237,ATO,MAU,PMR_RAMPA,17:37
238,MAU,SCA,PMR_RAMPA,20:46
239,MIG,MIG,PMR,22:50
240,JAR,SMA,PMR,17:10
241,GAM,VMA,PMR_SILLA,22:11
242,SMA,ATO,PMR,19:02
243,ATO,JAR,PMR_SILLA,20:34
244,SMA,GAM,PMR_SILLA,20:32
245,JAR,VMA,INVIDENTE,20:23
246,MIG,VMA,PMR_RAMPA,17:53
247,SCA,GAM,PMR,18:27
248,JAR,SCA,PMR,21:45
249,JAR,VMA,PMR_SILLA,00:43
250,SCA,ATO,PMR_SILLA,21:20
251,MIG,GAM,PMR,20:45
252,MAU,SCA,INVIDENTE,18:21
253,GAM,MIG,INVIDENTE,19:46
254,SCA,JAR,PMR_SILLA,17:42
255,JAR,JAR,PMR_RAMPA,22:34
256,GAM,SCA,INVIDENTE,19:14
257,MIG,MAU,PMR_RAMPA,17:35
258,MAU,SCA,PMR,19:33
259,SMA,ATO,PMR_RAMPA,21:37
260,ATO,SMA,INVIDENTE,23:14
261,ATO,JAR,INVIDENTE,18:26
262,MAU,JAR,PMR,21:55
263,ATO,GAM,PMR_RAMPA,22:58
264,MAU,SMA,INVIDENTE,19:53
265,SCA,JAR,INVIDENTE,17:25
266,MAU,MIG,PMR_SILLA,20:18
267,VMA,GAM,PMR_RAMPA,23:24
268,SMA,SMA,PMR_SILLA,23:52
269,SCA,JAR,PMR_SILLA,17:18
270,ATO,MAU,PMR_SILLA,16:41
271,JAR,MIG,PMR_RAMPA,16:39
272,VMA,ATO,PMR_SILLA,17:40
273,VMA,MIG,PMR_RAMPA,20:42
274,SMA,SCA,PMR,00:26
275,SMA,ATO,PMR_SILLA,23:24
276,ATO,SMA,PMR_RAMPA,19:16
277,JAR,SCA,PMR_SILLA,00:35
278,VMA,MIG,INVIDENTE,18:08
279,GAM,SCA,PMR,17:53
280,JAR,MAU,PMR_RAMPA,21:26
281,MIG,SCA,INVIDENTE,16:46
282,GAM,GAM,PMR_SILLA,21:12
283,SCA,SMA,PMR_SILLA,21:30
284,SCA,SCA,PMR_RAMPA,17:35
285,ATO,GAM,PMR_SILLA,20:00
286,GAM,SMA,PMR_SILLA,19:08
287,VMA,MIG,PMR_SILLA,20:50
288,MAU,MIG,PMR_SILLA,18:00
289,VMA,JAR,INVIDENTE,19:37
290,SMA,SMA,PMR,23:41
291,VMA,SCA,PMR_SILLA,19:40
292,SMA,SMA,PMR,00:35
293,MAU,JAR,PMR_SILLA,21:27
294,MAU,MIG,INVIDENTE,16:36
295,SMA,VMA,PMR_SILLA,18:40
296,ATO,VMA,INVIDENTE,18:44
297,GAM,MIG,PMR_RAMPA,20:19
298,VMA,JAR,PMR_SILLA,19:16
299,MIG,JAR,INVIDENTE,20:02
300,VMA,VMA,INVIDENTE,19:42
301,GAM,ATO,PMR,19:58
302,SCA,ATO,PMR_RAMPA,21:23
303,JAR,SMA,INVIDENTE,19:32
304,JAR,SMA,PMR,16:35
305,SCA,GAM,PMR_SILLA,19:01
306,MIG,SMA,PMR_RAMPA,18:31
307,ATO,SMA,INVIDENTE,19:46
308,MIG,MIG,PMR_SILLA,17:51
309,JAR,SCA,PMR_SILLA,18:18
310,MIG,MAU,PMR,00:04
311,JAR,MIG,PMR_RAMPA,23:35
312,JAR,GAM,INVIDENTE,18:08
313,SCA,ATO,PMR_SILLA,18:19
314,VMA,MIG,PMR,19:53
315,ATO,VMA,PMR,18:03
316,GAM,MAU,PMR_SILLA,22:19
317,ATO,VMA,PMR_RAMPA,21:14
318,MIG,ATO,PMR,18:05
319,ATO,MAU,INVIDENTE,18:36
320,VMA,SMA,INVIDENTE,21:16
321,GAM,VMA,INVIDENTE,21:20
322,SCA,JAR,PMR_SILLA,21:38
323,VMA,JAR,PMR_RAMPA,00:37
324,SCA,GAM,PMR_SILLA,22:58
325,GAM,JAR,INVIDENTE,17:21
326,VMA,JAR,PMR,19:35
327,MIG,GAM,INVIDENTE,19:04
328,ATO,GAM,PMR,16:41
329,GAM,MAU,INVIDENTE,18:29
330,MAU,GAM,PMR_RAMPA,19:21
331,MAU,MIG,INVIDENTE,00:35
332,SCA,JAR,PMR,17:44
333,SCA,ATO,PMR,23:30
334,SMA,MAU,PMR_SILLA,23:14
335,JAR,MAU,PMR_RAMPA,20:55
336,VMA,MAU,PMR_SILLA,19:39
337,MAU,MIG,PMR_SILLA,17:22
338,SCA,JAR,PMR_RAMPA,20:39
339,VMA,ATO,INVIDENTE,16:30
340,SMA,MAU,INVIDENTE,20:57
341,JAR,ATO,INVIDENTE,00:12
342,MAU,ATO,PMR_SILLA,20:31
343,SCA,SMA,PMR_RAMPA,00:15
344,MAU,ATO,PMR_SILLA,18:08
345,MAU,JAR,INVIDENTE,17:02
346,MAU,SCA,PMR,21:53
347,SMA,JAR,PMR_SILLA,21:51
348,GAM,JAR,PMR,23:27
349,MAU,VMA,PMR_SILLA,23:13
350,JAR,MAU,PMR_SILLA,16:52
351,JAR,JAR,INVIDENTE,17:16
352,JAR,SCA,PMR_SILLA,18:34
353,ATO,SMA,PMR_SILLA,21:02
354,JAR,ATO,PMR,00:44
355,JAR,JAR,INVIDENTE,23:45
356,MIG,MIG,INVIDENTE,22:55
357,VMA,SCA,PMR_RAMPA,20:39
358,SCA,VMA,PMR,19:09
359,MAU,VMA,PMR,16:32
360,MAU,SCA,PMR_SILLA,20:57
361,ATO,MAU,PMR,22:28
362,JAR,JAR,PMR_SILLA,21:46
363,GAM,JAR,PMR,22:59
364,MIG,MAU,PMR_SILLA,21:38
365,SMA,GAM,PMR_RAMPA,00:10
366,GAM,MAU,PMR,18:28
367,SMA,MAU,INVIDENTE,00:18
368,SMA,SCA,PMR,21:12
369,GAM,GAM,PMR_SILLA,17:07
370,GAM,ATO,PMR,18:24
371,MAU,SMA,PMR_SILLA,23:26
372,GAM,MIG,PMR_RAMPA,20:38
373,GAM,JAR,PMR,23:01
374,VMA,SMA,PMR_SILLA,23:51
375,GAM,MIG,PMR_SILLA,21:12
376,ATO,JAR,INVIDENTE,17:25
377,SCA,MIG,PMR_SILLA,00:18
378,JAR,VMA,PMR_SILLA,23:15
379,GAM,GAM,PMR,22:41
380,ATO,SCA,PMR_RAMPA,16:45
381,SMA,MIG,PMR,23:11
382,MAU,VMA,INVIDENTE,22:16
383,MIG,SMA,PMR_SILLA,18:12
384,VMA,GAM,PMR_SILLA,18:03
385,SCA,SCA,INVIDENTE,23:35
386,SCA,ATO,INVIDENTE,20:50
387,MIG,GAM,PMR_RAMPA,19:12
388,GAM,SCA,PMR_SILLA,22:35
389,SMA,SMA,PMR,21:01
390,MAU,SMA,INVIDENTE,20:26
391,MAU,JAR,INVIDENTE,18:33
392,JAR,GAM,PMR_SILLA,20:20
393,ATO,ATO,PMR_RAMPA,00:18
394,SCA,MAU,PMR,21:18
395,MAU,SMA,PMR_RAMPA,19:20
396,GAM,VMA,PMR_SILLA,16:29
397,GAM,JAR,PMR_SILLA,20:13
398,MAU,ATO,INVIDENTE,22:57
399,JAR,SCA,PMR_RAMPA,18:38
400,GAM,MAU,PMR_RAMPA,00:41
401,JAR,GAM,INVIDENTE,18:43
402,GAM,VMA,PMR,23:26
403,JAR,MIG,PMR_RAMPA,16:28
404,SCA,GAM,INVIDENTE,00:29
405,VMA,VMA,PMR,18:57
406,MAU,ATO,PMR_SILLA,22:10
407,SMA,MIG,PMR,23:47
408,ATO,ATO,INVIDENTE,16:53
409,GAM,ATO,PMR_SILLA,00:24
410,GAM,ATO,INVIDENTE,22:30
411,SMA,GAM,PMR_RAMPA,21:54
412,VMA,ATO,PMR_SILLA,23:23
413,MIG,SMA,PMR_RAMPA,18:25
414,MIG,JAR,PMR,20:05
415,GAM,MAU,PMR,23:28
416,VMA,SCA,PMR,23:34
417,ATO,MIG,INVIDENTE,20:28
418,ATO,MIG,PMR_RAMPA,00:39
419,ATO,ATO,PMR_SILLA,17:40
420,SMA,MAU,PMR,20:02
421,MAU,MIG,PMR,18:50
422,JAR,JAR,PMR,23:05
423,MIG,MAU,PMR_SILLA,21:21
424,JAR,SCA,PMR_RAMPA,21:58
425,SMA,ATO,PMR_SILLA,16:47
426,ATO,SCA,PMR_SILLA,18:46
427,MAU,MAU,PMR,23:34
428,GAM,GAM,INVIDENTE,22:29
429,MAU,SCA,PMR,16:40
430,GAM,GAM,PMR,22:56
431,SCA,SMA,INVIDENTE,23:12
432,ATO,ATO,PMR_SILLA,21:56
433,SCA,GAM,INVIDENTE,23:08
434,SMA,MAU,INVIDENTE,20:30
435,MAU,JAR,PMR_SILLA,20:10
436,MIG,JAR,PMR_SILLA,23:29
437,ATO,SCA,INVIDENTE,20:49
438,ATO,SCA,PMR,21:06
439,MIG,VMA,INVIDENTE,19:40
440,JAR,GAM,PMR_SILLA,17:29
441,GAM,MIG,PMR_RAMPA,17:38
442,VMA,GAM,PMR,22:40
443,SMA,ATO,INVIDENTE,19:17
444,ATO,VMA,PMR_RAMPA,20:25
445,MIG,MIG,PMR_RAMPA,19:59
446,MIG,SCA,PMR_SILLA,17:39
447,JAR,SCA,PMR,00:25
448,VMA,SCA,PMR,21:17
449,SMA,ATO,INVIDENTE,20:56
450,GAM,SCA,PMR_SILLA,16:42
451,GAM,SCA,INVIDENTE,21:24
452,VMA,VMA,PMR_RAMPA,19:46
453,SMA,SMA,PMR,18:20
454,MIG,MAU,INVIDENTE,21:59
455,ATO,GAM,PMR_RAMPA,18:28
456,GAM,MAU,PMR_SILLA,19:15
457,MIG,VMA,PMR_SILLA,17:50
458,VMA,MAU,PMR_SILLA,19:03
459,SCA,ATO,PMR,00:36
460,MAU,SCA,PMR_SILLA,18:12
461,MAU,ATO,PMR,20:14
462,MIG,VMA,PMR_RAMPA,21:33
463,VMA,VMA,PMR_SILLA,22:16
464,ATO,ATO,PMR_RAMPA,18:25
465,GAM,MAU,PMR_SILLA,21:42
466,VMA,ATO,PMR,19:01
467,JAR,ATO,PMR_SILLA,20:03
468,SCA,JAR,PMR_SILLA,19:37
469,MIG,SCA,PMR_SILLA,19:02
470,MAU,GAM,PMR_SILLA,19:22
471,SMA,JAR,PMR_RAMPA,21:45
472,SMA,MIG,PMR_SILLA,18:38
473,SCA,MIG,PMR_SILLA,22:39
474,JAR,JAR,PMR,20:17
475,VMA,ATO,PMR_RAMPA,17:32
476,SCA,SMA,PMR_RAMPA,22:05
477,MAU,ATO,PMR_RAMPA,23:05
478,GAM,VMA,PMR,23:48
479,SMA,SMA,PMR,23:13
480,SMA,MAU,PMR,19:05
481,JAR,JAR,INVIDENTE,19:09
482,MAU,SCA,INVIDENTE,20:36
483,SCA,SCA,PMR_SILLA,21:17
484,SMA,ATO,PMR,16:41
485,SMA,ATO,PMR_SILLA,16:40
486,MIG,MIG,INVIDENTE,23:22
487,VMA,JAR,PMR_SILLA,00:22
488,SMA,SCA,INVIDENTE,21:45
489,SCA,SMA,PMR_SILLA,16:29
490,JAR,GAM,INVIDENTE,20:34
491,GAM,JAR,PMR,23:32
492,MAU,SCA,PMR_SILLA,22:39
493,GAM,ATO,PMR_RAMPA,19:31
494,ATO,SCA,PMR,18:35
495,JAR,MAU,INVIDENTE,21:33
496,GAM,JAR,PMR,21:37
497,MAU,GAM,PMR_RAMPA,23:41
498,MIG,GAM,PMR_RAMPA,19:30
499,GAM,JAR,PMR,22:35
500,MAU,ATO,INVIDENTE,23:29
501,MAU,SCA,INVIDENTE,16:52
502,VMA,ATO,PMR_RAMPA,22:52
503,ATO,JAR,PMR_SILLA,22:38
504,SMA,SMA,INVIDENTE,21:54
505,SCA,JAR,PMR_SILLA,21:48
506,SMA,GAM,PMR,23:47
507,JAR,SMA,PMR,21:38
508,JAR,SMA,PMR_RAMPA,00:39
509,VMA,ATO,PMR_SILLA,00:34
510,VMA,SMA,PMR,22:10
511,JAR,GAM,PMR_SILLA,20:36
512,MIG,SCA,INVIDENTE,20:05
513,SMA,VMA,PMR_SILLA,20:25
514,GAM,ATO,PMR,21:51
515,VMA,JAR,INVIDENTE,00:46
516,JAR,VMA,PMR,18:08
517,MAU,MIG,PMR_SILLA,17:15
518,ATO,JAR,INVIDENTE,18:35
519,JAR,MAU,PMR,22:12
520,GAM,SCA,PMR,22:38
521,SMA,SMA,PMR_SILLA,19:33
522,MAU,GAM,PMR_SILLA,20:04
523,GAM,VMA,PMR,22:22
524,SCA,SMA,PMR_RAMPA,20:48
525,SCA,SCA,PMR_SILLA,21:00
526,VMA,SMA,PMR_RAMPA,18:05
527,SCA,MIG,PMR_RAMPA,22:32
528,ATO,VMA,INVIDENTE,23:11
529,GAM,VMA,INVIDENTE,18:10
530,MAU,ATO,PMR_RAMPA,17:17
531,JAR,MIG,INVIDENTE,22:17
532,MAU,MIG,PMR,21:35
533,GAM,GAM,INVIDENTE,22:21
534,MIG,ATO,PMR_RAMPA,20:49
535,SMA,SCA,INVIDENTE,19:57
536,ATO,MAU,PMR,23:16
537,VMA,JAR,PMR_SILLA,18:20
538,MIG,VMA,PMR,22:01
539,GAM,ATO,PMR_SILLA,19:24
540,SCA,VMA,PMR_RAMPA,21:56
541,GAM,JAR,PMR,20:18
542,MIG,MIG,PMR,20:03
543,MIG,SCA,INVIDENTE,20:38
544,ATO,VMA,PMR,20:04
545,JAR,MIG,PMR_RAMPA,21:51
546,MAU,ATO,PMR,19:13
547,SCA,MAU,INVIDENTE,20:37
548,ATO,GAM,PMR_SILLA,21:52
549,JAR,SMA,PMR_RAMPA,17:09
550,SCA,MAU,PMR_RAMPA,17:35
551,VMA,SCA,PMR,23:27
552,SMA,SCA,INVIDENTE,16:52
553,MAU,VMA,INVIDENTE,16:40
554,VMA,MIG,PMR_RAMPA,18:22
555,MIG,SCA,PMR_SILLA,21:47
556,ATO,JAR,PMR_RAMPA,16:50
557,SCA,VMA,PMR_SILLA,23:25
558,SMA,SMA,INVIDENTE,00:31
559,MIG,GAM,PMR,21:43
560,GAM,MIG,PMR_RAMPA,00:03
561,SCA,VMA,PMR_SILLA,18:52
562,VMA,SCA,PMR_SILLA,17:18
563,MAU,SMA,PMR_SILLA,23:32
564,GAM,GAM,PMR_SILLA,20:00
565,VMA,SMA,PMR,00:32
566,SMA,GAM,PMR,18:34
567,JAR,MAU,INVIDENTE,23:39
568,VMA,VMA,PMR_SILLA,16:38
569,MIG,SCA,PMR_SILLA,18:45
570,VMA,GAM,PMR_SILLA,21:41
571,SMA,VMA,PMR,19:18
572,GAM,GAM,PMR_RAMPA,18:42
573,ATO,JAR,INVIDENTE,23:27
574,GAM,SCA,PMR,19:30
575,JAR,MIG,PMR_SILLA,00:10
576,SCA,ATO,PMR_RAMPA,20:17
577,MAU,VMA,INVIDENTE,00:09
578,MAU,SCA,PMR_RAMPA,19:05
579,GAM,ATO,PMR_SILLA,16:45
580,JAR,SMA,PMR,21:55
581,GAM,MIG,PMR,19:43
582,MIG,ATO,INVIDENTE,16:47
583,JAR,VMA,PMR,22:46
584,MIG,SMA,PMR_SILLA,19:43
585,MIG,MIG,PMR_SILLA,22:31
586,ATO,MAU,PMR,17:26
587,MAU,MIG,PMR_SILLA,19:15
588,GAM,MAU,PMR_SILLA,18:08
589,JAR,MIG,INVIDENTE,17:32
590,SCA,SCA,PMR,21:48
591,GAM,SCA,PMR_RAMPA,22:13
592,GAM,VMA,PMR_RAMPA,22:35
593,SMA,SCA,PMR_SILLA,16:33
594,MAU,MIG,PMR_RAMPA,23:49
595,SCA,MIG,PMR_RAMPA,20:39
596,JAR,MAU,PMR,18:51
597,MIG,MAU,PMR_RAMPA,21:07
598,MAU,SCA,PMR,21:08
599,GAM,GAM,PMR,19:23
600,SMA,GAM,PMR,17:25
601,JAR,MIG,INVIDENTE,00:20
602,SMA,VMA,PMR_RAMPA,20:34
603,SCA,ATO,PMR_RAMPA,00:32
604,VMA,SMA,PMR_SILLA,18:26
605,GAM,MAU,PMR_RAMPA,19:14
606,MIG,JAR,PMR,23:18
607,SMA,MIG,INVIDENTE,16:52
608,VMA,SCA,PMR_SILLA,20:36
609,MIG,MIG,INVIDENTE,20:22
610,VMA,VMA,PMR_SILLA,17:09
611,SMA,SMA,PMR_RAMPA,22:57
612,MIG,VMA,PMR_RAMPA,17:11
613,ATO,MIG,PMR_SILLA,23:56
614,SMA,MAU,PMR,17:56
615,MAU,MIG,INVIDENTE,17:18
616,GAM,JAR,PMR_SILLA,18:30
617,JAR,VMA,PMR_RAMPA,16:42
618,VMA,GAM,PMR,00:22
619,VMA,VMA,PMR_SILLA,20:02
620,VMA,VMA,PMR_SILLA,19:09
621,SMA,MIG,PMR_RAMPA,22:49
622,SCA,MIG,PMR,19:36
623,SMA,SCA,PMR_RAMPA,21:17
624,VMA,ATO,INVIDENTE,00:31
625,MIG,ATO,PMR_RAMPA,23:56
626,ATO,MIG,INVIDENTE,23:43
627,VMA,ATO,INVIDENTE,17:53
628,SCA,MAU,PMR_SILLA,18:21
629,SCA,SMA,PMR_SILLA,20:55
630,JAR,VMA,PMR_SILLA,16:42
631,SMA,VMA,PMR_SILLA,22:49
632,SMA,JAR,PMR,21:03
633,VMA,JAR,PMR_SILLA,21:33
634,JAR,SCA,INVIDENTE,23:02
635,ATO,SCA,INVIDENTE,23:09
636,ATO,GAM,INVIDENTE,20:29
637,JAR,GAM,PMR_RAMPA,17:59
638,MAU,MIG,PMR_SILLA,20:06
639,GAM,JAR,PMR_RAMPA,20:01
640,VMA,MIG,INVIDENTE,21:11
641,SMA,SCA,INVIDENTE,18:07
642,ATO,GAM,INVIDENTE,00:07
643,VMA,SCA,PMR_SILLA,00:15
644,SMA,SCA,INVIDENTE,22:21
645,MAU,VMA,PMR_SILLA,18:15
646,SCA,ATO,PMR_SILLA,00:40
647,GAM,MAU,PMR_RAMPA,21:01
648,MAU,VMA,PMR_SILLA,23:14
649,GAM,MAU,PMR,22:27
650,ATO,ATO,INVIDENTE,18:33
651,MAU,MAU,PMR_RAMPA,18:33
652,MAU,ATO,PMR_SILLA,20:31
653,JAR,SMA,PMR,20:24
654,ATO,MIG,PMR_RAMPA,20:03
655,SCA,JAR,INVIDENTE,16:51
656,SMA,MAU,INVIDENTE,21:30
657,SMA,MAU,INVIDENTE,19:35
658,GAM,MAU,PMR_RAMPA,16:52
659,MIG,VMA,PMR,23:30
660,SMA,SCA,INVIDENTE,23:36
661,SCA,MIG,PMR_SILLA,18:46
662,SMA,SCA,PMR_RAMPA,16:32
663,ATO,SCA,PMR_RAMPA,22:03
664,VMA,MAU,PMR_SILLA,21:35
665,SMA,MIG,PMR_SILLA,18:39
666,GAM,JAR,PMR,20:30
667,GAM,VMA,PMR_RAMPA,23:01
668,MIG,SMA,PMR_RAMPA,17:29
669,MAU,JAR,PMR_SILLA,19:10
670,MAU,MAU,PMR,17:52
671,JAR,VMA,PMR_SILLA,17:12
672,SCA,MIG,PMR_RAMPA,22:55
673,ATO,SCA,INVIDENTE,19:38
674,VMA,MAU,PMR_SILLA,21:06
675,SCA,GAM,PMR,19:12
676,VMA,ATO,PMR_RAMPA,00:00
677,ATO,JAR,PMR_SILLA,21:52
678,ATO,GAM,PMR_SILLA,21:30
679,SMA,GAM,PMR,20:02
680,MAU,MIG,PMR,00:39
681,MAU,VMA,INVIDENTE,17:39
682,JAR,ATO,PMR_SILLA,00:15
683,GAM,SCA,PMR_RAMPA,00:26
684,SMA,MAU,PMR,23:32
685,JAR,JAR,INVIDENTE,17:07
686,JAR,MIG,PMR_RAMPA,20:00
687,MAU,MAU,INVIDENTE,17:24
688,SMA,VMA,PMR_RAMPA,17:31
689,GAM,SMA,PMR,23:14
690,GAM,ATO,PMR_RAMPA,21:42
691,ATO,JAR,INVIDENTE,23:13
692,MIG,SCA,PMR_RAMPA,21:27
693,MAU,GAM,PMR_SILLA,18:20
694,ATO,VMA,INVIDENTE,22:26
695,SCA,MAU,INVIDENTE,17:26
696,MIG,SMA,PMR_RAMPA,19:31
697,ATO,VMA,PMR,18:50
698,JAR,SCA,INVIDENTE,22:52
699,JAR,MIG,PMR,17:51
700,MAU,SMA,PMR_SILLA,16:30
701,SCA,SCA,PMR_SILLA,22:02
702,SMA,GAM,PMR,18:12
703,JAR,GAM,PMR_RAMPA,22:41
704,SMA,MAU,PMR_RAMPA,18:56
705,GAM,VMA,INVIDENTE,21:21
706,MAU,ATO,INVIDENTE,18:23
707,SMA,MIG,INVIDENTE,17:10
708,VMA,VMA,PMR,20:33
709,SCA,ATO,PMR_RAMPA,20:26
710,VMA,SMA,PMR,19:28
711,ATO,JAR,PMR,23:43
712,MIG,ATO,PMR_RAMPA,17:02
713,ATO,ATO,PMR_RAMPA,23:11
714,ATO,GAM,PMR_SILLA,18:36
715,MIG,JAR,PMR_SILLA,18:57
716,SMA,SMA,PMR_RAMPA,23:03
717,ATO,MAU,PMR_SILLA,23:16
718,ATO,MAU,PMR_RAMPA,22:45
719,ATO,SCA,INVIDENTE,22:28
720,MIG,MIG,PMR_SILLA,17:01
721,SCA,ATO,PMR_RAMPA,18:01
722,GAM,VMA,PMR,22:37
723,GAM,SCA,PMR,21:51
724,ATO,VMA,PMR_SILLA,00:14
725,SMA,MAU,PMR,17:23
726,GAM,VMA,PMR_SILLA,20:41
727,MAU,GAM,PMR,22:47
728,MIG,SMA,PMR_SILLA,17:02
729,MAU,JAR,PMR_RAMPA,23:20
730,JAR,ATO,INVIDENTE,23:06
731,GAM,JAR,PMR_SILLA,21:18
732,JAR,MAU,PMR,18:59
733,MIG,GAM,PMR_SILLA,19:48
734,VMA,SMA,PMR_SILLA,20:40
735,MAU,VMA,INVIDENTE,21:46
736,VMA,SMA,INVIDENTE,21:32
737,JAR,ATO,INVIDENTE,00:40
738,ATO,VMA,PMR_SILLA,21:34
739,GAM,VMA,PMR,19:50
740,JAR,VMA,PMR_SILLA,22:08
741,ATO,SCA,PMR,16:56
742,JAR,SCA,PMR_SILLA,20:39
743,VMA,JAR,PMR_RAMPA,20:19
744,VMA,VMA,PMR_SILLA,17:54
745,JAR,SMA,PMR_RAMPA,20:10
746,MIG,SMA,PMR,22:48
747,SCA,ATO,PMR,22:12
748,JAR,MIG,PMR_RAMPA,18:55
749,SCA,MIG,PMR_RAMPA,21:04
750,VMA,SMA,PMR_RAMPA,22:01
751,MAU,ATO,PMR,18:16
752,JAR,VMA,PMR_RAMPA,17:19
753,GAM,MIG,PMR,23:26
754,MAU,SCA,PMR_SILLA,21:08
755,VMA,GAM,PMR_RAMPA,22:20
756,ATO,VMA,PMR,17:58
757,GAM,VMA,INVIDENTE,20:34
758,SCA,SCA,PMR,17:24
759,VMA,ATO,PMR_SILLA,16:38
760,SMA,GAM,PMR_SILLA,22:11
761,SCA,VMA,PMR,23:20
762,VMA,SMA,PMR_SILLA,20:53
763,VMA,MAU,PMR,21:16
764,MIG,MIG,PMR_SILLA,18:49
765,SCA,JAR,INVIDENTE,16:35
766,JAR,ATO,INVIDENTE,18:55
767,ATO,MIG,INVIDENTE,16:33
768,GAM,SMA,PMR_RAMPA,21:09
769,GAM,MAU,PMR,19:22
770,GAM,MIG,PMR_RAMPA,20:02
771,MAU,VMA,INVIDENTE,23:55
772,ATO,ATO,INVIDENTE,17:31
773,MAU,JAR,PMR_RAMPA,21:20
774,SCA,MIG,INVIDENTE,22:06
775,SCA,JAR,PMR,17:43
776,SMA,MAU,PMR,00:34
777,MAU,JAR,PMR,19:17
778,JAR,ATO,PMR_SILLA,16:58
779,GAM,SCA,PMR_RAMPA,23:15
780,VMA,ATO,PMR,19:16
781,GAM,SCA,PMR_SILLA,19:26
782,ATO,VMA,PMR_RAMPA,21:32
783,MAU,JAR,INVIDENTE,21:29
784,MAU,SCA,PMR,00:12
785,SMA,SCA,PMR_RAMPA,22:20
786,MIG,MIG,INVIDENTE,22:45
787,GAM,MAU,PMR_SILLA,18:27
788,MIG,ATO,PMR_RAMPA,22:26
789,MIG,SMA,PMR_SILLA,18:02
790,VMA,JAR,PMR_RAMPA,21:14
791,ATO,ATO,PMR_SILLA,20:35
792,MAU,SCA,INVIDENTE,22:57
793,VMA,SCA,PMR,00:29
794,MAU,MIG,PMR_SILLA,20:55
795,VMA,JAR,INVIDENTE,00:04
796,VMA,SCA,PMR_SILLA,17:13
797,MAU,SCA,INVIDENTE,00:38
798,MAU,GAM,PMR_RAMPA,16:35
799,MAU,MIG,PMR_RAMPA,21:23
800,JAR,SMA,PMR_RAMPA,23:53
801,MIG,VMA,INVIDENTE,20:57
802,VMA,GAM,PMR_RAMPA,00:25
803,SCA,MAU,INVIDENTE,20:36
804,SMA,VMA,PMR_RAMPA,16:44
805,ATO,ATO,PMR_RAMPA,22:57
806,MAU,ATO,PMR_RAMPA,21:11
807,JAR,ATO,PMR_RAMPA,17:49
808,JAR,SCA,PMR_RAMPA,17:34
809,GAM,JAR,PMR,17:06
810,MAU,SCA,PMR,19:23
811,JAR,JAR,INVIDENTE,19:31
812,GAM,MIG,INVIDENTE,18:12
813,SCA,MAU,PMR,20:21
814,JAR,ATO,PMR_SILLA,17:45
815,GAM,SMA,INVIDENTE,00:43
816,GAM,JAR,PMR_RAMPA,22:35
817,SCA,ATO,PMR_RAMPA,20:14
818,MAU,MIG,PMR,18:03
819,ATO,MIG,PMR_RAMPA,23:54
820,SCA,MIG,PMR,23:22
821,MAU,GAM,PMR,17:18
822,SCA,MAU,INVIDENTE,00:25
823,GAM,ATO,INVIDENTE,18:33
824,VMA,JAR,PMR_SILLA,22:40
825,SMA,SCA,PMR,23:42
826,SMA,VMA,INVIDENTE,23:36
827,SMA,MIG,PMR_SILLA,00:13
828,GAM,MIG,INVIDENTE,20:09
829,VMA,SCA,INVIDENTE,19:05
830,SMA,SMA,PMR_SILLA,16:52
831,SCA,MIG,PMR,22:22
832,SMA,MIG,INVIDENTE,00:32
833,JAR,SCA,PMR_SILLA,22:51
834,SMA,GAM,PMR_RAMPA,17:53
835,SCA,VMA,INVIDENTE,21:51
836,MIG,ATO,INVIDENTE,16:58
837,GAM,MIG,PMR,18:08
838,MAU,MIG,PMR_RAMPA,18:16
839,VMA,VMA,INVIDENTE,22:17
840,SCA,VMA,INVIDENTE,19:19
841,MAU,VMA,PMR,22:51
842,ATO,SMA,PMR,20:46
843,MIG,MIG,PMR_RAMPA,19:08
844,MAU,JAR,PMR_SILLA,21:00
845,SCA,JAR,PMR,23:05
846,SMA,JAR,PMR_SILLA,22:50
847,GAM,GAM,PMR,21:36
848,SCA,JAR,INVIDENTE,23:06
849,MAU,SCA,PMR_SILLA,23:12
850,SCA,VMA,PMR_RAMPA,17:49
851,VMA,SMA,INVIDENTE,16:38
852,GAM,JAR,INVIDENTE,18:23
853,JAR,MIG,PMR,20:36
854,JAR,SMA,PMR_RAMPA,21:38
855,JAR,MIG,INVIDENTE,22:38
856,ATO,JAR,INVIDENTE,22:16
857,MAU,JAR,PMR,20:22
858,GAM,MIG,INVIDENTE,22:59
859,MAU,SCA,PMR,16:43
860,SMA,SCA,PMR_SILLA,17:16
861,MAU,VMA,INVIDENTE,16:51
862,SMA,SCA,PMR_RAMPA,16:31
863,JAR,VMA,PMR_RAMPA,22:24
864,JAR,MIG,INVIDENTE,19:19
865,SCA,SMA,PMR_RAMPA,22:34
866,MIG,JAR,INVIDENTE,20:48
867,SMA,MIG,PMR_SILLA,19:55
868,JAR,MIG,PMR,20:49
869,SMA,MAU,PMR,20:08
870,JAR,JAR,INVIDENTE,22:48
871,SCA,MIG,PMR_SILLA,22:16
872,ATO,ATO,PMR,19:41
873,VMA,ATO,PMR_SILLA,20:16
874,JAR,VMA,PMR_RAMPA,18:25
875,SMA,GAM,PMR,20:49
876,ATO,GAM,PMR,21:46
877,VMA,SMA,INVIDENTE,21:32
878,GAM,ATO,INVIDENTE,17:37
879,ATO,JAR,PMR_RAMPA,00:36
880,ATO,MAU,PMR_SILLA,21:50
881,VMA,GAM,PMR_SILLA,17:12
882,SCA,MIG,PMR,20:11
883,ATO,SCA,PMR_RAMPA,21:09
884,MAU,GAM,PMR_RAMPA,23:49
885,SCA,MAU,PMR_SILLA,20:45
886,VMA,GAM,PMR_SILLA,19:56
887,VMA,VMA,PMR,22:21
888,JAR,SCA,PMR_RAMPA,16:39
889,SMA,SMA,PMR_SILLA,18:26
890,VMA,MIG,PMR,19:14
891,VMA,SMA,PMR_RAMPA,18:13
892,JAR,MAU,PMR_RAMPA,20:03
893,VMA,ATO,INVIDENTE,17:38
894,MAU,MAU,INVIDENTE,21:40
895,SMA,SCA,INVIDENTE,22:37
896,MAU,SMA,PMR,20:13
897,SMA,VMA,PMR_RAMPA,23:26
898,MIG,VMA,INVIDENTE,16:43
899,SCA,MIG,PMR,16:41
900,MIG,VMA,INVIDENTE,17:43
901,SMA,VMA,INVIDENTE,21:16
902,ATO,GAM,PMR_SILLA,21:54
903,JAR,VMA,INVIDENTE,21:42
904,ATO,VMA,PMR_RAMPA,16:29
905,SMA,JAR,INVIDENTE,22:40
906,MIG,MIG,PMR_RAMPA,23:16
907,SMA,JAR,PMR_RAMPA,22:25
908,VMA,MAU,INVIDENTE,21:59
909,ATO,SCA,PMR_SILLA,18:56
910,JAR,ATO,PMR_SILLA,19:09
911,MIG,SCA,INVIDENTE,17:58
912,MAU,JAR,PMR_RAMPA,20:49
913,GAM,MAU,INVIDENTE,00:23
914,SCA,GAM,PMR,23:08
915,ATO,MAU,INVIDENTE,21:26
916,MAU,SCA,PMR,00:03
917,JAR,JAR,PMR,16:39
918,JAR,MIG,PMR_RAMPA,20:41
919,GAM,MIG,PMR,23:30
920,VMA,SCA,PMR,22:28
921,JAR,SMA,PMR_RAMPA,00:22
922,MAU,VMA,PMR_RAMPA,19:28
923,ATO,VMA,INVIDENTE,21:35
924,SMA,GAM,INVIDENTE,23:09
925,SCA,SCA,PMR_RAMPA,21:38
926,SMA,GAM,PMR,20:57
927,JAR,SCA,INVIDENTE,18:33
928,SMA,MAU,PMR_SILLA,18:26
929,SMA,MIG,PMR,19:39
930,ATO,SCA,INVIDENTE,20:23
931,MIG,MAU,INVIDENTE,21:34
932,VMA,SMA,INVIDENTE,21:26
933,VMA,SMA,PMR_RAMPA,21:12
934,SCA,VMA,PMR,17:12
935,SMA,JAR,PMR_SILLA,18:53
936,JAR,ATO,PMR,17:45
937,MAU,MIG,PMR_RAMPA,18:06
938,VMA,JAR,PMR_RAMPA,20:35
939,JAR,SMA,PMR_SILLA,20:25
940,VMA,MAU,PMR_SILLA,18:00
941,MAU,MAU,PMR,20:27
942,ATO,MIG,PMR_SILLA,22:54
943,VMA,SCA,PMR_SILLA,20:25
944,JAR,MAU,PMR,23:19
945,SCA,GAM,INVIDENTE,22:25
946,VMA,MIG,PMR_RAMPA,23:18
947,GAM,SMA,PMR,00:42
948,SCA,SCA,PMR_SILLA,00:13
949,MAU,JAR,PMR_RAMPA,00:20
950,ATO,GAM,INVIDENTE,22:26
951,SCA,MAU,PMR_RAMPA,19:48
952,SCA,GAM,PMR_RAMPA,22:47
953,VMA,MAU,PMR_SILLA,23:42
954,MAU,SCA,INVIDENTE,23:40
955,ATO,SCA,INVIDENTE,22:54
956,JAR,VMA,PMR,21:31
957,VMA,ATO,PMR,18:11
958,SCA,SCA,PMR,21:27
959,JAR,SCA,PMR_SILLA,23:36
960,GAM,VMA,PMR_RAMPA,17:18
961,SCA,MIG,PMR,23:48
962,GAM,SCA,PMR_RAMPA,20:09
963,ATO,MIG,PMR,22:11
964,ATO,VMA,INVIDENTE,19:12
965,SCA,VMA,PMR,23:37
966,SCA,SCA,PMR_RAMPA,16:37
967,SCA,MIG,PMR_RAMPA,18:34
968,ATO,MAU,PMR,18:01
969,GAM,JAR,INVIDENTE,23:44
970,MAU,MIG,INVIDENTE,18:50
971,GAM,MAU,PMR_RAMPA,21:38
972,VMA,SMA,PMR_SILLA,21:26
973,JAR,MIG,INVIDENTE,18:50
974,SMA,MIG,PMR_RAMPA,00:31
975,MIG,ATO,PMR,19:57
976,MAU,MIG,PMR_SILLA,17:24
977,SCA,ATO,PMR_RAMPA,17:46
978,JAR,JAR,INVIDENTE,23:09
979,MAU,VMA,PMR_RAMPA,20:30
980,ATO,SCA,PMR,22:26
981,MAU,SCA,PMR_RAMPA,23:34
982,MIG,JAR,PMR_SILLA,17:44
983,ATO,MAU,PMR_SILLA,19:44
984,SCA,MAU,INVIDENTE,23:46
985,GAM,SMA,INVIDENTE,20:35
986,VMA,MAU,PMR_RAMPA,21:39
987,VMA,MIG,INVIDENTE,18:47
988,SCA,SCA,PMR,17:56
989,JAR,VMA,INVIDENTE,23:02
990,VMA,SMA,PMR,16:51
991,ATO,SMA,PMR_RAMPA,20:02
992,ATO,GAM,PMR,18:42
993,MAU,JAR,PMR,17:48
994,JAR,ATO,INVIDENTE,17:44
995,JAR,MAU,PMR,18:12
996,SMA,MAU,PMR,22:09
997,SMA,SCA,PMR,22:28
998,SCA,ATO,INVIDENTE,16:48
999,SMA,SMA,PMR_SILLA,18:41
1000,ATO,GAM,PMR_SILLA,20:10
1001,ATO,SMA,PMR_SILLA,20:41
1002,MIG,GAM,PMR,17:16
1003,GAM,MAU,INVIDENTE,20:36
1004,GAM,JAR,INVIDENTE,19:34
1005,SCA,GAM,PMR_RAMPA,19:52
1006,SMA,VMA,PMR_RAMPA,00:11
1007,ATO,MIG,INVIDENTE,19:59
1008,MAU,MAU,PMR,21:45
1009,MAU,SMA,INVIDENTE,22:17
1010,GAM,MAU,INVIDENTE,23:55
1011,GAM,JAR,PMR_RAMPA,18:44
1012,VMA,SCA,PMR,17:24
1013,JAR,JAR,PMR_SILLA,16:46
1014,GAM,SMA,PMR_SILLA,19:48
1015,SCA,ATO,PMR_SILLA,19:25
1016,ATO,SCA,PMR_SILLA,23:42
1017,ATO,VMA,PMR_RAMPA,20:09
1018,SMA,GAM,PMR_RAMPA,23:53
1019,SCA,MIG,PMR_SILLA,17:47
1020,JAR,SCA,INVIDENTE,16:58
1021,ATO,MIG,INVIDENTE,21:03
1022,SCA,MIG,PMR,19:43
1023,MAU,SMA,PMR_RAMPA,21:45
1024,GAM,SCA,PMR_SILLA,17:25
1025,MIG,ATO,PMR_SILLA,19:15
1026,GAM,MIG,PMR_RAMPA,16:33
1027,SCA,SMA,INVIDENTE,23:56
1028,JAR,MAU,PMR_RAMPA,22:14
1029,JAR,GAM,PMR_SILLA,21:56
1030,JAR,MIG,PMR,16:36
1031,VMA,SMA,PMR,23:23
1032,GAM,SCA,INVIDENTE,18:18
1033,MIG,GAM,PMR_RAMPA,19:23
1034,MAU,JAR,PMR_SILLA,20:05
1035,VMA,MIG,PMR_RAMPA,22:53
1036,ATO,VMA,PMR_SILLA,16:44
1037,JAR,SMA,PMR_SILLA,18:19
1038,VMA,MIG,PMR,17:45
1039,SCA,SMA,PMR_RAMPA,22:44
1040,MIG,SCA,PMR,17:43
1041,GAM,MIG,PMR_RAMPA,00:11
1042,GAM,JAR,PMR_SILLA,22:12
1043,SMA,JAR,PMR_RAMPA,16:36
1044,MIG,SMA,PMR,18:52
1045,JAR,ATO,INVIDENTE,00:18
1046,GAM,SMA,PMR_RAMPA,21:01
1047,MAU,GAM,INVIDENTE,19:56
1048,MIG,SCA,INVIDENTE,16:29
1049,SMA,MIG,PMR_RAMPA,18:24
1050,GAM,VMA,INVIDENTE,17:52
1051,ATO,VMA,PMR_SILLA,21:08
1052,ATO,MAU,PMR_SILLA,22:33
1053,MIG,JAR,PMR_SILLA,17:41
1054,JAR,GAM,PMR_RAMPA,18:24
1055,VMA,MIG,PMR_SILLA,20:52
1056,GAM,SMA,INVIDENTE,23:29
1057,MIG,VMA,PMR_RAMPA,21:24
1058,VMA,SCA,PMR,22:42
1059,GAM,MAU,PMR_SILLA,16:40
1060,JAR,JAR,PMR,22:05
1061,GAM,JAR,INVIDENTE,23:48
1062,VMA,MIG,PMR_RAMPA,23:01
1063,VMA,MAU,PMR_RAMPA,21:32
1064,MIG,MAU,INVIDENTE,00:16
1065,MIG,MIG,PMR,18:49
1066,MIG,SCA,INVIDENTE,17:01
1067,ATO,SMA,PMR_SILLA,00:03
1068,MAU,GAM,PMR,18:21
1069,JAR,MAU,INVIDENTE,22:14
1070,JAR,ATO,PMR_SILLA,21:03
1071,MAU,MAU,PMR,20:25
1072,JAR,SMA,PMR,19:32
1073,SMA,MIG,PMR_RAMPA,16:57
1074,ATO,MIG,PMR_RAMPA,17:03
1075,MAU,VMA,PMR_SILLA,18:13
1076,MAU,JAR,INVIDENTE,17:51
1077,SCA,MIG,INVIDENTE,00:31
1078,MAU,MIG,PMR_SILLA,00:14
1079,MIG,GAM,PMR,00:00
1080,JAR,ATO,PMR_RAMPA,23:29
1081,MIG,GAM,INVIDENTE,22:40
1082,GAM,SMA,PMR_SILLA,18:50
1083,JAR,GAM,INVIDENTE,23:27
1084,VMA,MIG,PMR_SILLA,20:06
1085,MIG,MIG,PMR_RAMPA,18:09
1086,MIG,SMA,PMR,17:57
1087,SMA,GAM,PMR_RAMPA,22:13
1088,VMA,SMA,PMR,00:46
1089,ATO,ATO,PMR_SILLA,22:17
1090,MIG,JAR,INVIDENTE,17:19
1091,SCA,VMA,INVIDENTE,23:05
1092,MIG,JAR,PMR,17:41
1093,GAM,SMA,PMR_SILLA,23:11
1094,GAM,GAM,PMR,20:23
1095,MAU,SMA,INVIDENTE,21:28
1096,MAU,VMA,INVIDENTE,23:05
1097,VMA,JAR,INVIDENTE,17:14
1098,VMA,VMA,PMR,21:56
1099,MIG,JAR,PMR_RAMPA,23:03
1100,MIG,VMA,PMR,20:49
1101,JAR,SMA,PMR_SILLA,22:06
1102,SMA,ATO,PMR,21:33
1103,ATO,MIG,PMR_SILLA,20:50
1104,MAU,VMA,PMR_SILLA,22:45
1105,ATO,JAR,INVIDENTE,19:38
1106,JAR,MIG,PMR_SILLA,20:14
1107,GAM,ATO,PMR_SILLA,20:01
1108,SMA,SCA,PMR_RAMPA,22:39
1109,MAU,GAM,PMR_SILLA,22:20
1110,MIG,JAR,PMR_SILLA,17:14
1111,JAR,JAR,PMR_RAMPA,20:35
1112,MAU,ATO,PMR_RAMPA,17:01
1113,MIG,JAR,INVIDENTE,19:14
1114,SCA,MIG,PMR,18:07
1115,ATO,GAM,INVIDENTE,18:43
1116,MAU,GAM,PMR,00:44
1117,SCA,SCA,PMR_RAMPA,19:26
1118,ATO,JAR,PMR,19:01
1119,SMA,VMA,PMR,16:32
1120,MAU,JAR,PMR,22:22
1121,MIG,MAU,PMR_RAMPA,21:22
1122,VMA,SCA,PMR_SILLA,20:12
1123,JAR,SMA,PMR_SILLA,22:45
1124,SCA,SCA,INVIDENTE,19:38
1125,VMA,GAM,PMR,23:18
1126,GAM,SCA,PMR_RAMPA,16:45
1127,GAM,VMA,INVIDENTE,18:35
1128,SCA,MIG,PMR_RAMPA,23:56
1129,VMA,ATO,INVIDENTE,19:56
1130,GAM,SCA,INVIDENTE,20:52
1131,MIG,MAU,PMR,19:56
1132,ATO,ATO,PMR,23:18
1133,JAR,MIG,PMR,16:31
1134,ATO,MIG,PMR_SILLA,23:19
1135,GAM,GAM,PMR_SILLA,17:35
1136,GAM,SMA,INVIDENTE,22:49
1137,MIG,SCA,PMR_SILLA,23:06
1138,SCA,MAU,PMR,20:40
1139,SCA,SMA,PMR_RAMPA,21:56
1140,ATO,MAU,PMR_SILLA,19:48
1141,MAU,JAR,PMR,21:27
1142,SMA,MAU,INVIDENTE,21:49
1143,SCA,ATO,INVIDENTE,18:14
1144,SCA,VMA,PMR_SILLA,22:08
1145,SMA,SCA,INVIDENTE,19:45
1146,VMA,VMA,PMR_RAMPA,22:25
1147,JAR,MAU,PMR_RAMPA,19:58
1148,VMA,SCA,PMR_SILLA,23:17
1149,ATO,SMA,PMR_SILLA,18:13
1150,SMA,GAM,PMR_SILLA,16:31
1151,SMA,MAU,INVIDENTE,00:04
1152,GAM,SMA,PMR,23:52
1153,MAU,GAM,PMR_SILLA,21:15
1154,SMA,ATO,INVIDENTE,18:25
1155,VMA,JAR,INVIDENTE,19:49
1156,GAM,SMA,PMR_SILLA,23:37
1157,MIG,GAM,PMR,19:23
1158,VMA,SCA,PMR_SILLA,22:10
1159,VMA,ATO,PMR_RAMPA,16:30
1160,MIG,ATO,PMR_SILLA,00:48
1161,JAR,JAR,PMR_RAMPA,19:13
1162,MAU,VMA,PMR,23:49
1163,VMA,MAU,PMR_SILLA,16:40
1164,ATO,SCA,PMR,23:39
1165,GAM,JAR,PMR_SILLA,16:51
1166,GAM,MAU,PMR,16:57
1167,GAM,GAM,INVIDENTE,19:07
1168,VMA,SMA,PMR,22:45
1169,MIG,SMA,INVIDENTE,18:04
1170,SMA,VMA,INVIDENTE,19:54
1171,JAR,VMA,INVIDENTE,16:46
1172,SCA,SMA,INVIDENTE,17:52
1173,JAR,SMA,PMR,00:41
1174,SCA,GAM,INVIDENTE,23:52
1175,SMA,MIG,PMR,19:48
1176,JAR,JAR,PMR,21:13
1177,VMA,VMA,PMR_RAMPA,21:45
1178,VMA,SCA,PMR_RAMPA,17:47
1179,SCA,MIG,PMR_SILLA,17:13
1180,MAU,VMA,INVIDENTE,22:57
1181,SMA,MIG,INVIDENTE,19:01
1182,VMA,VMA,PMR_RAMPA,19:29
1183,JAR,ATO,PMR_SILLA,21:44
1184,ATO,SCA,PMR_RAMPA,23:58
1185,SCA,VMA,PMR_RAMPA,23:42
1186,MAU,VMA,PMR_SILLA,23:30
1187,ATO,GAM,PMR_SILLA,23:42
1188,GAM,GAM,PMR_RAMPA,20:54
1189,ATO,MIG,PMR_RAMPA,22:54
1190,SMA,ATO,INVIDENTE,23:08
1191,GAM,SMA,INVIDENTE,21:30
1192,VMA,SMA,PMR,17:00
1193,SMA,SCA,PMR,19:53
1194,MAU,SMA,PMR_SILLA,19:58
1195,MIG,SCA,PMR_SILLA,22:03
1196,ATO,GAM,PMR_SILLA,22:18
1197,SCA,SMA,PMR,19:06
1198,MIG,VMA,PMR_RAMPA,17:50
1199,SMA,VMA,INVIDENTE,22:13
1200,SMA,VMA,PMR_RAMPA,21:19
